INSERT INTO PERSONS(ID, FIRST_NAME, LAST_NAME, ROLE) VALUES (1001,'CHRISTIAN','BALE','ACTOR' );
INSERT INTO PERSONS(ID, FIRST_NAME, LAST_NAME, ROLE) VALUES (1002,'AL','PACINO','ACTOR' );
INSERT INTO PERSONS(ID, FIRST_NAME, LAST_NAME, ROLE) VALUES (1003,'FRANCIS FORD','COPPOLA','DIRECTOR' );
INSERT INTO PERSONS(ID, FIRST_NAME, LAST_NAME, ROLE) VALUES (1004,'CHRISTOPHER','NOLAN','DIRECTOR' );
INSERT INTO PERSONS(ID, FIRST_NAME, LAST_NAME, ROLE) VALUES (1005,'CRAIG','MAZIN','DIRECTOR' );
INSERT INTO PERSONS(ID, FIRST_NAME, LAST_NAME, ROLE) VALUES (1006,'JESSIE','BUCKLEY','ACTOR' );
INSERT INTO PERSONS(ID, FIRST_NAME, LAST_NAME, ROLE) VALUES (1007,'BRYAN','CRANSTON','ACTOR' );
INSERT INTO PERSONS(ID, FIRST_NAME, LAST_NAME, ROLE) VALUES (1008,'VINCE','GILLIGAN','DIRECTOR' );


INSERT INTO CATEGORIES(ID, NAME) VALUES ( 7001,'CRIME' );
INSERT INTO CATEGORIES(ID, NAME) VALUES ( 7002,'DRAMA' );
INSERT INTO CATEGORIES(ID, NAME) VALUES ( 7003,'AWARD_WINNING');
INSERT INTO CATEGORIES(ID, NAME) VALUES ( 7004,'FANTASY');
INSERT INTO CATEGORIES(ID, NAME) VALUES ( 7005,'ADVENTURE');
INSERT INTO CATEGORIES(ID, NAME) VALUES ( 7006,'ANIMATION');
INSERT INTO CATEGORIES(ID, NAME) VALUES ( 7007,'COMEDY');
INSERT INTO CATEGORIES(ID, NAME) VALUES ( 7008,'THRILLER');
INSERT INTO CATEGORIES(ID, NAME) VALUES ( 7009,'BIOGRAPHY');
INSERT INTO CATEGORIES(ID, NAME) VALUES ( 7010,'ACTION');
INSERT INTO CATEGORIES(ID, NAME) VALUES ( 7011,'WAR');
INSERT INTO CATEGORIES(ID, NAME) VALUES ( 7012,'HISTORY');


INSERT INTO ACCOUNTS(ID, COUNTRY, EMAIL, FIRST_NAME, LAST_NAME, SUBSCRIPTION_TIER) VALUES (2001,'GREECE','email1@gmail.com','AGGELOS','TSELES','BASIC');
INSERT INTO ACCOUNTS(ID, COUNTRY, EMAIL, FIRST_NAME, LAST_NAME, SUBSCRIPTION_TIER) VALUES (2002,'GERMANY','email2@gmail.com','THOMAS','MULLER','PREMIUM');
INSERT INTO ACCOUNTS(ID, COUNTRY, EMAIL, FIRST_NAME, LAST_NAME, SUBSCRIPTION_TIER) VALUES (2003,'FRANCE','email3@gmail.com','KYLIAN','MBAPPE','STANDARD');

INSERT INTO PROFILES(ID, LANGUAGE, NAME, PROFILE_TYPE, TOTAL_WATCH_TIME, ACCOUNT_ID) VALUES (3001,'ENGLISH','aggelos991','REGULAR',1000,2001);
INSERT INTO PROFILES(ID, LANGUAGE, NAME, PROFILE_TYPE, TOTAL_WATCH_TIME, ACCOUNT_ID) VALUES (3002,'DEUTSCH','thomas_7','REGULAR',3500,2002);
INSERT INTO PROFILES(ID, LANGUAGE, NAME, PROFILE_TYPE, TOTAL_WATCH_TIME, ACCOUNT_ID) VALUES (3003,'DEUTSCH','lil_thomas','KID',1500,2002);
INSERT INTO PROFILES(ID, LANGUAGE, NAME, PROFILE_TYPE, TOTAL_WATCH_TIME, ACCOUNT_ID) VALUES (3004,'FRANÇAIS','mbappe98','REGULAR',500,2003);

INSERT INTO MOVIES(ID,TITLE, DESCRIPTION, CATEGORY_ID, MATURITY_RATING, NUMBER_OF_VIEWS, RATING, RELEASE_YEAR, DURATION, HAS_SEQUEL) VALUES ( 4001,'The Godfather', 'The aging patriarch of an organized crime dynasty in postwar New York City transfers control of his clandestine empire to his reluctant youngest son.',7001,'R_13',100,10,1972,175,true);
INSERT INTO MOVIES(ID,TITLE, DESCRIPTION, CATEGORY_ID, MATURITY_RATING, NUMBER_OF_VIEWS, RATING, RELEASE_YEAR, DURATION, HAS_SEQUEL) VALUES ( 4002,'The Dark Knight','When the menace known as the Joker wreaks havoc and chaos on the people of Gotham, Batman must accept one of the greatest psychological and physical tests of his ability to fight injustice.',7002,'R_13',600000,96,2008,130,false);

INSERT INTO TV_SHOWS(ID,TITLE, DESCRIPTION, CATEGORY_ID, MATURITY_RATING, NUMBER_OF_VIEWS, RATING, RELEASE_YEAR)  VALUES ( 4010,'Breaking Bad','A chemistry teacher diagnosed with inoperable lung cancer turns to manufacturing and selling methamphetamine with a former student in order to secure his family''s future.',7002,'R_16',1000,93,2008 );
INSERT INTO TV_SHOWS(ID,TITLE, DESCRIPTION, CATEGORY_ID, MATURITY_RATING, NUMBER_OF_VIEWS, RATING, RELEASE_YEAR)  VALUES ( 4011,'Chernobyl','In April 1986, an explosion at the Chernobyl nuclear power plant in the Union of Soviet Socialist Republics becomes one of the world''s worst man-made catastrophes.',7008,'R_16',100,80,2019 );

INSERT INTO SEASONS(ID, DESCRIPTION, NAME, TVSHOW_ID) VALUES ( 5001,'Season 1 of Breaking Bad','SEASON 1',4010 );
INSERT INTO SEASONS(ID, DESCRIPTION, NAME, TVSHOW_ID) VALUES ( 5002,'Season 2 of Breaking Bad','SEASON 2',4010 );
INSERT INTO SEASONS(ID, DESCRIPTION, NAME, TVSHOW_ID) VALUES ( 5003,'Season 3 of Breaking Bad','SEASON 3',4010 );
INSERT INTO SEASONS(ID, DESCRIPTION, NAME, TVSHOW_ID) VALUES ( 5004,'The one and only Season of Chernobyl','SEASON 1',4011 );

INSERT INTO EPISODES(ID, DESCRIPTION, DURATION, TITLE, SEASON_ID) VALUES (6001,'Plot of episode 1 of Season 1',30,'S1E1',5001);
INSERT INTO EPISODES(ID, DESCRIPTION, DURATION, TITLE, SEASON_ID) VALUES (6002,'Plot of episode 2 of Season 1',30,'S1E2',5001);
INSERT INTO EPISODES(ID, DESCRIPTION, DURATION, TITLE, SEASON_ID) VALUES (6003,'Plot of episode 3 of Season 2',30,'S2E3',5002);
INSERT INTO EPISODES(ID, DESCRIPTION, DURATION, TITLE, SEASON_ID) VALUES (6004,'Plot of episode 9 of Season 2',30,'S2E9',5002);
INSERT INTO EPISODES(ID, DESCRIPTION, DURATION, TITLE, SEASON_ID) VALUES (6005,'Plot of episode 7 of Season 3',30,'S3E7',5003);
INSERT INTO EPISODES(ID, DESCRIPTION, DURATION, TITLE, SEASON_ID) VALUES (6006,'Plot of episode 7 of Season 3',30,'S3E7',5003);
INSERT INTO EPISODES(ID, DESCRIPTION, DURATION, TITLE, SEASON_ID) VALUES (6007,'Plot of episode 8 of Season 3',30,'S3E8',5003);
INSERT INTO EPISODES(ID, DESCRIPTION, DURATION, TITLE, SEASON_ID) VALUES (6008,'Plot of episode 1 of Season 1',30,'S1E1',5004);
INSERT INTO EPISODES(ID, DESCRIPTION, DURATION, TITLE, SEASON_ID) VALUES (6009,'Plot of episode 6 of Season 1',30,'S1E6',5004);


INSERT INTO CONTENT_ITEM_PERSONS(CONTENT_ITEM_ID, PERSON_ID) VALUES (4001,1002);
INSERT INTO CONTENT_ITEM_PERSONS(CONTENT_ITEM_ID, PERSON_ID) VALUES (4001,1003);
INSERT INTO CONTENT_ITEM_PERSONS(CONTENT_ITEM_ID, PERSON_ID) VALUES (4002,1001);
INSERT INTO CONTENT_ITEM_PERSONS(CONTENT_ITEM_ID, PERSON_ID) VALUES (4002,1004);
INSERT INTO CONTENT_ITEM_PERSONS(CONTENT_ITEM_ID, PERSON_ID) VALUES (4010,1007);
INSERT INTO CONTENT_ITEM_PERSONS(CONTENT_ITEM_ID, PERSON_ID) VALUES (4010,1008);
INSERT INTO CONTENT_ITEM_PERSONS(CONTENT_ITEM_ID, PERSON_ID) VALUES (4011,1005);
INSERT INTO CONTENT_ITEM_PERSONS(CONTENT_ITEM_ID, PERSON_ID) VALUES (4011,1006);


INSERT INTO PROFILE_CONTENT_ITEMS(PROFILE_ID, CONTENT_ITEM_ID) VALUES (3001,4001  );
INSERT INTO PROFILE_CONTENT_ITEMS(PROFILE_ID, CONTENT_ITEM_ID) VALUES (3002,4001  );
INSERT INTO PROFILE_CONTENT_ITEMS(PROFILE_ID, CONTENT_ITEM_ID) VALUES (3003,4001  );
INSERT INTO PROFILE_CONTENT_ITEMS(PROFILE_ID, CONTENT_ITEM_ID) VALUES (3003,4002  );
INSERT INTO PROFILE_CONTENT_ITEMS(PROFILE_ID, CONTENT_ITEM_ID) VALUES (3004,4001  );


SELECT * FROM EPISODES