INSERT INTO PERSONS(ID, FIRST_NAME, LAST_NAME, ROLE) VALUES (1001,'CHRISTIAN','BALE','ACTOR' );
INSERT INTO PERSONS(ID, FIRST_NAME, LAST_NAME, ROLE) VALUES (1002,'AL','PACINO','ACTOR' );
INSERT INTO PERSONS(ID, FIRST_NAME, LAST_NAME, ROLE) VALUES (1003,'FRANCIS FORD','COPPOLA','DIRECTOR' );
INSERT INTO PERSONS(ID, FIRST_NAME, LAST_NAME, ROLE) VALUES (1004,'CHRISTOPHER','NOLAN','DIRECTOR' );
INSERT INTO PERSONS(ID, FIRST_NAME, LAST_NAME, ROLE) VALUES (1005,'CRAIG','MAZIN','DIRECTOR' );
INSERT INTO PERSONS(ID, FIRST_NAME, LAST_NAME, ROLE) VALUES (1006,'JESSIE','BUCKLEY','ACTOR' );
INSERT INTO PERSONS(ID, FIRST_NAME, LAST_NAME, ROLE) VALUES (1007,'BRYAN','CRANSTON','ACTOR' );
INSERT INTO PERSONS(ID, FIRST_NAME, LAST_NAME, ROLE) VALUES (1008,'VINCE','GILLIGAN','DIRECTOR' );
INSERT INTO PERSONS(ID, FIRST_NAME, LAST_NAME, ROLE) VALUES (1009,'DENZEL','WASHINGTON','ACTOR' );
INSERT INTO PERSONS(ID, FIRST_NAME, LAST_NAME, ROLE) VALUES (1010,'TOM','CRUZ','ACTOR' );
INSERT INTO PERSONS(ID, FIRST_NAME, LAST_NAME, ROLE) VALUES (1011,'TOM','HANKS','ACTOR' );
INSERT INTO PERSONS(ID, FIRST_NAME, LAST_NAME, ROLE) VALUES (1012,'MARTIN','SCORSESE','DIRECTOR' );
INSERT INTO PERSONS(ID, FIRST_NAME, LAST_NAME, ROLE) VALUES (1013,'SPIKE','LEE','DIRECTOR' );
INSERT INTO PERSONS(ID, FIRST_NAME, LAST_NAME, ROLE) VALUES (1014,'ROBERT','DE NIRO','ACTOR' );
INSERT INTO PERSONS(ID, FIRST_NAME, LAST_NAME, ROLE) VALUES (1015,'RIAN','JOHNSON','DIRECTOR' );
INSERT INTO PERSONS(ID, FIRST_NAME, LAST_NAME, ROLE) VALUES (1016,'BRAD','PITT','ACTOR' );
INSERT INTO PERSONS(ID, FIRST_NAME, LAST_NAME, ROLE) VALUES (1017,'DANIEL','RADCLIFFE','ACTOR' );
INSERT INTO PERSONS(ID, FIRST_NAME, LAST_NAME, ROLE) VALUES (1018,'KATHRYN','BIGELOW','DIRECTOR' );
INSERT INTO PERSONS(ID, FIRST_NAME, LAST_NAME, ROLE) VALUES (1019,'DAVID','YATES','DIRECTOR' );
INSERT INTO PERSONS(ID, FIRST_NAME, LAST_NAME, ROLE) VALUES (1020,'PETER','JACKSON','DIRECTOR' );
INSERT INTO PERSONS(ID, FIRST_NAME, LAST_NAME, ROLE) VALUES (1021,'ELIJAH','WOOD','ACTOR' );
INSERT INTO PERSONS(ID, FIRST_NAME, LAST_NAME, ROLE) VALUES (1022,'SACHA BARON','COHEN','ACTOR' );
INSERT INTO PERSONS(ID, FIRST_NAME, LAST_NAME, ROLE) VALUES (1023,'LEONARDO','DICAPRIO','ACTOR' );
INSERT INTO PERSONS(ID, FIRST_NAME, LAST_NAME, ROLE) VALUES (1024,'DAVID','AYER','DIRECTOR' );
INSERT INTO PERSONS(ID, FIRST_NAME, LAST_NAME, ROLE) VALUES (1025,'DANIEL','CRAIG','ACTOR' );
INSERT INTO PERSONS(ID, FIRST_NAME, LAST_NAME, ROLE) VALUES (1026,'CHRIS','EVANS','ACTOR' );
INSERT INTO PERSONS(ID, FIRST_NAME, LAST_NAME, ROLE) VALUES (1027,'ANA','DE ARMAS','ACTOR' );
INSERT INTO PERSONS(ID, FIRST_NAME, LAST_NAME, ROLE) VALUES (1028,'RIAN','JOHNSON','DIRECTOR' );
INSERT INTO PERSONS(ID, FIRST_NAME, LAST_NAME, ROLE) VALUES (1029,'RIAN','JOHNSON','WRITER' );
INSERT INTO PERSONS(ID, FIRST_NAME, LAST_NAME, ROLE) VALUES (1030,'EDWARD','NORTON','ACTOR' );
INSERT INTO PERSONS(ID, FIRST_NAME, LAST_NAME, ROLE) VALUES (1031,'JANELLE','MONAE','ACTOR' );
INSERT INTO PERSONS(ID, FIRST_NAME, LAST_NAME, ROLE) VALUES (1032,'DWAYNE','JOHNSON','ACTOR' );
INSERT INTO PERSONS(ID, FIRST_NAME, LAST_NAME, ROLE) VALUES (1033,'RACHEL','HOUSE','ACTOR' );
INSERT INTO PERSONS(ID, FIRST_NAME, LAST_NAME, ROLE) VALUES (1034,'TEMUERA','MORRISON','ACTOR' );
INSERT INTO PERSONS(ID, FIRST_NAME, LAST_NAME, ROLE) VALUES (1035,'JEMAINE','CLEMENT','ACTOR' );
INSERT INTO PERSONS(ID, FIRST_NAME, LAST_NAME, ROLE) VALUES (1036,'RON','CLEMENTS','DIRECTOR' );
INSERT INTO PERSONS(ID, FIRST_NAME, LAST_NAME, ROLE) VALUES (1037,'JOHN','MUSKER','DIRECTOR' );
INSERT INTO PERSONS(ID, FIRST_NAME, LAST_NAME, ROLE) VALUES (1038,'JARED','BUSH','WRITER' );
INSERT INTO PERSONS(ID, FIRST_NAME, LAST_NAME, ROLE) VALUES (1039,'ELLEN','DE GENERES','ACTOR' );
INSERT INTO PERSONS(ID, FIRST_NAME, LAST_NAME, ROLE) VALUES (1040,'ALBERT','BROOKS','ACTOR' );
INSERT INTO PERSONS(ID, FIRST_NAME, LAST_NAME, ROLE) VALUES (1041,'ED','O NEILL','ACTOR' );
INSERT INTO PERSONS(ID, FIRST_NAME, LAST_NAME, ROLE) VALUES (1042,'ANDREW','STANTON','DIRECTOR' );
INSERT INTO PERSONS(ID, FIRST_NAME, LAST_NAME, ROLE) VALUES (1043,'VICTORIA','STROUSE','DIRECTOR' );
INSERT INTO PERSONS(ID, FIRST_NAME, LAST_NAME, ROLE) VALUES (1044,'GINNIFER','GOODWIN','ACTOR' );
INSERT INTO PERSONS(ID, FIRST_NAME, LAST_NAME, ROLE) VALUES (1045,'JASON','BATEMAN','ACTOR' );
INSERT INTO PERSONS(ID, FIRST_NAME, LAST_NAME, ROLE) VALUES (1046,'IDRIS','ELBA','ACTOR' );
INSERT INTO PERSONS(ID, FIRST_NAME, LAST_NAME, ROLE) VALUES (1047,'RICH','MOORE','DIRECTOR' );
INSERT INTO PERSONS(ID, FIRST_NAME, LAST_NAME, ROLE) VALUES (1048,'BYRON','HOWARD','DIRECTOR' );
INSERT INTO PERSONS(ID, FIRST_NAME, LAST_NAME, ROLE) VALUES (1049,'REESE','WITHERSPOON','ACTOR' );
INSERT INTO PERSONS(ID, FIRST_NAME, LAST_NAME, ROLE) VALUES (1050,'JOAQUIN','PHOENIX','ACTOR' );
INSERT INTO PERSONS(ID, FIRST_NAME, LAST_NAME, ROLE) VALUES (1051,'JOHNY','CASH','WRITER' );
INSERT INTO PERSONS(ID, FIRST_NAME, LAST_NAME, ROLE) VALUES (1052,'JAMES','MANGOLD','DIRECTOR' );


INSERT INTO ACCOUNTS(ID, COUNTRY, EMAIL, FIRST_NAME, LAST_NAME, SUBSCRIPTION_TIER) VALUES (2001,'GREECE','email1@gmail.com','AGGELOS','TSELES','BASIC');
INSERT INTO ACCOUNTS(ID, COUNTRY, EMAIL, FIRST_NAME, LAST_NAME, SUBSCRIPTION_TIER) VALUES (2002,'GERMANY','email2@gmail.com','THOMAS','MULLER','PREMIUM');
INSERT INTO ACCOUNTS(ID, COUNTRY, EMAIL, FIRST_NAME, LAST_NAME, SUBSCRIPTION_TIER) VALUES (2003,'FRANCE','email3@gmail.com','KYLIAN','MBAPPE','STANDARD');
INSERT INTO ACCOUNTS(ID, COUNTRY, EMAIL, FIRST_NAME, LAST_NAME, SUBSCRIPTION_TIER) VALUES (2004,'ENGLAND','email4@gmail.com','VERA','HARPER','BASIC');
INSERT INTO ACCOUNTS(ID, COUNTRY, EMAIL, FIRST_NAME, LAST_NAME, SUBSCRIPTION_TIER) VALUES (2005,'USA','email5@gmail.com','DARREL','HULKEN','PREMIUM');
INSERT INTO ACCOUNTS(ID, COUNTRY, EMAIL, FIRST_NAME, LAST_NAME, SUBSCRIPTION_TIER) VALUES (2006,'CANADA','email6@gmail.com','TOM','ROBIN','STANDARD');
INSERT INTO ACCOUNTS(ID, COUNTRY, EMAIL, FIRST_NAME, LAST_NAME, SUBSCRIPTION_TIER) VALUES (2007,'GREECE','email7@gmail.com','ANTONIS','GEORGIOU','STANDARD');
INSERT INTO ACCOUNTS(ID, COUNTRY, EMAIL, FIRST_NAME, LAST_NAME, SUBSCRIPTION_TIER) VALUES (2008,'GERMANY','emaiL8@gmail.com','PHILIPP','SCHMIDT','PREMIUM');
INSERT INTO ACCOUNTS(ID, COUNTRY, EMAIL, FIRST_NAME, LAST_NAME, SUBSCRIPTION_TIER) VALUES (2009,'FRANCE','email9@gmail.com','ANTOINE','MAKRON','BASIC');
INSERT INTO ACCOUNTS(ID, COUNTRY, EMAIL, FIRST_NAME, LAST_NAME, SUBSCRIPTION_TIER) VALUES (2010,'GREECE','email10@gmail.com','PANAGIOTA','ANDREOU','PREMIUM');
INSERT INTO ACCOUNTS(ID, COUNTRY, EMAIL, FIRST_NAME, LAST_NAME, SUBSCRIPTION_TIER) VALUES (2011,'ITALY','email11@gmail.com','ENZO','GORLAMI','PREMIUM');
INSERT INTO ACCOUNTS(ID, COUNTRY, EMAIL, FIRST_NAME, LAST_NAME, SUBSCRIPTION_TIER) VALUES (2012,'SPAIN','email12@gmail.com','MARIA','SILVA','BASIC');
INSERT INTO ACCOUNTS(ID, COUNTRY, EMAIL, FIRST_NAME, LAST_NAME, SUBSCRIPTION_TIER) VALUES (2013,'GREECE','email13@gmail.com','KATERINA','PAPADOPOULOU','STANDARD');
INSERT INTO ACCOUNTS(ID, COUNTRY, EMAIL, FIRST_NAME, LAST_NAME, SUBSCRIPTION_TIER) VALUES (2014,'PORTUGAL','email14@gmail.com','LUIS','SANTOS','PREMIUM');
INSERT INTO ACCOUNTS(ID, COUNTRY, EMAIL, FIRST_NAME, LAST_NAME, SUBSCRIPTION_TIER) VALUES (2015,'FRANCE','email15@gmail.com','EMMANUELLE','MIMIEUX','BASIC');
INSERT INTO ACCOUNTS(ID, COUNTRY, EMAIL, FIRST_NAME, LAST_NAME, SUBSCRIPTION_TIER) VALUES (2016,'BAHAMAS','email51@gmail.com','JACK','ELSHER','BASIC');
INSERT INTO ACCOUNTS(ID, COUNTRY, EMAIL, FIRST_NAME, LAST_NAME, SUBSCRIPTION_TIER) VALUES (2017,'AUSTRIA','email52@gmail.com','BRUNO','SOLACE','PREMIUM');
INSERT INTO ACCOUNTS(ID, COUNTRY, EMAIL, FIRST_NAME, LAST_NAME, SUBSCRIPTION_TIER) VALUES (2018,'AUSTRALIA','email53@gmail.com','PIT','RAVEN','STANDARD');



INSERT INTO PROFILES(ID, LANGUAGE, NAME, PROFILE_TYPE, TOTAL_WATCH_TIME, ACCOUNT_ID) VALUES (3001,'ENGLISH','aggelos991','REGULAR',1000,2001);
INSERT INTO PROFILES(ID, LANGUAGE, NAME, PROFILE_TYPE, TOTAL_WATCH_TIME, ACCOUNT_ID) VALUES (3002,'DEUTSCH','thomas_7','REGULAR',3500,2002);
INSERT INTO PROFILES(ID, LANGUAGE, NAME, PROFILE_TYPE, TOTAL_WATCH_TIME, ACCOUNT_ID) VALUES (3003,'DEUTSCH','lil_thomas','KID',1500,2002);
INSERT INTO PROFILES(ID, LANGUAGE, NAME, PROFILE_TYPE, TOTAL_WATCH_TIME, ACCOUNT_ID) VALUES (3004,'FRANÇAIS','mbappe98','REGULAR',500,2003);
INSERT INTO PROFILES(ID, LANGUAGE, NAME, PROFILE_TYPE, TOTAL_WATCH_TIME, ACCOUNT_ID) VALUES (3005,'ENGLISH','vera57','REGULAR',800,2004);
INSERT INTO PROFILES(ID, LANGUAGE, NAME, PROFILE_TYPE, TOTAL_WATCH_TIME, ACCOUNT_ID) VALUES (3006,'ENGLISH','darrel40','REGULAR',1800,2005);
INSERT INTO PROFILES(ID, LANGUAGE, NAME, PROFILE_TYPE, TOTAL_WATCH_TIME, ACCOUNT_ID) VALUES (3007,'ENGLISH','tom1997','REGULAR',1350,2006);
INSERT INTO PROFILES(ID, LANGUAGE, NAME, PROFILE_TYPE, TOTAL_WATCH_TIME, ACCOUNT_ID) VALUES (3005,'ENGLISH','antonisg1','REGULAR',1000,2007);
INSERT INTO PROFILES(ID, LANGUAGE, NAME, PROFILE_TYPE, TOTAL_WATCH_TIME, ACCOUNT_ID) VALUES (3006,'DEUTSCH','phillipsch','REGULAR',500,2008);
INSERT INTO PROFILES(ID, LANGUAGE, NAME, PROFILE_TYPE, TOTAL_WATCH_TIME, ACCOUNT_ID) VALUES (3007,'DEUTSCH','phil_jr','KID',1500,2008);
INSERT INTO PROFILES(ID, LANGUAGE, NAME, PROFILE_TYPE, TOTAL_WATCH_TIME, ACCOUNT_ID) VALUES (3008,'FRANÇAIS','m_antoin','REGULAR',500,2009);
INSERT INTO PROFILES(ID, LANGUAGE, NAME, PROFILE_TYPE, TOTAL_WATCH_TIME, ACCOUNT_ID) VALUES (3009,'ENGLISH','giota_andreou','REGULAR',1000,2010);
INSERT INTO PROFILES(ID, LANGUAGE, NAME, PROFILE_TYPE, TOTAL_WATCH_TIME, ACCOUNT_ID) VALUES (3010,'ENGLISH','dim_andreou','REGULAR',3500,2010);
INSERT INTO PROFILES(ID, LANGUAGE, NAME, PROFILE_TYPE, TOTAL_WATCH_TIME, ACCOUNT_ID) VALUES (3011,'ENGLISH','twins','KID',1500,2010);
INSERT INTO PROFILES(ID, LANGUAGE, NAME, PROFILE_TYPE, TOTAL_WATCH_TIME, ACCOUNT_ID) VALUES (3012,'ITALIAN','enzo','REGULAR',4000,2011);
INSERT INTO PROFILES(ID, LANGUAGE, NAME, PROFILE_TYPE, TOTAL_WATCH_TIME, ACCOUNT_ID) VALUES (3013,'ITALIAN','francesco','KID',3000,2011);
INSERT INTO PROFILES(ID, LANGUAGE, NAME, PROFILE_TYPE, TOTAL_WATCH_TIME, ACCOUNT_ID) VALUES (3014,'SPANISH','silva','REGULAR',2000,2012);
INSERT INTO PROFILES(ID, LANGUAGE, NAME, PROFILE_TYPE, TOTAL_WATCH_TIME, ACCOUNT_ID) VALUES (3015,'SPANISH','joaquin','KID',1500,2012);
INSERT INTO PROFILES(ID, LANGUAGE, NAME, PROFILE_TYPE, TOTAL_WATCH_TIME, ACCOUNT_ID) VALUES (3016,'ENGLISH','katerina','REGULAR',1500,2013);
INSERT INTO PROFILES(ID, LANGUAGE, NAME, PROFILE_TYPE, TOTAL_WATCH_TIME, ACCOUNT_ID) VALUES (3017,'ENGLISH','ioannis','REGULAR',1000,2013);
INSERT INTO PROFILES(ID, LANGUAGE, NAME, PROFILE_TYPE, TOTAL_WATCH_TIME, ACCOUNT_ID) VALUES (3018,'PORTUGUESE','luis','REGULAR',2000,2014);
INSERT INTO PROFILES(ID, LANGUAGE, NAME, PROFILE_TYPE, TOTAL_WATCH_TIME, ACCOUNT_ID) VALUES (3019,'PORTUGUESE','esmeralda','KID',3000,2014);
INSERT INTO PROFILES(ID, LANGUAGE, NAME, PROFILE_TYPE, TOTAL_WATCH_TIME, ACCOUNT_ID) VALUES (3020,'FRANÇAIS','em','REGULAR',2200,2015);
INSERT INTO PROFILES(ID, LANGUAGE, NAME, PROFILE_TYPE, TOTAL_WATCH_TIME, ACCOUNT_ID) VALUES (3021,'BAHASA_MELAYU','jackels','REGULAR',1000,2016);
INSERT INTO PROFILES(ID, LANGUAGE, NAME, PROFILE_TYPE, TOTAL_WATCH_TIME, ACCOUNT_ID) VALUES (3022,'BAHASA_MELAYU','jackelsprivate','REGULAR',3500,2016);
INSERT INTO PROFILES(ID, LANGUAGE, NAME, PROFILE_TYPE, TOTAL_WATCH_TIME, ACCOUNT_ID) VALUES (3023,'BAHASA_MELAYU','jackelskids','KID',1500,2016);
INSERT INTO PROFILES(ID, LANGUAGE, NAME, PROFILE_TYPE, TOTAL_WATCH_TIME, ACCOUNT_ID) VALUES (3024,'HRVATSKI','bruno','REGULAR',540,2017);
INSERT INTO PROFILES(ID, LANGUAGE, NAME, PROFILE_TYPE, TOTAL_WATCH_TIME, ACCOUNT_ID) VALUES (3025,'HRVATSKI','childrens','KID',510,2017);
INSERT INTO PROFILES(ID, LANGUAGE, NAME, PROFILE_TYPE, TOTAL_WATCH_TIME, ACCOUNT_ID) VALUES (3026,' ESPAÑOL','pit','REGULAR',500,2018);
INSERT INTO PROFILES(ID, LANGUAGE, NAME, PROFILE_TYPE, TOTAL_WATCH_TIME, ACCOUNT_ID) VALUES (3027,' ESPAÑOL','childrens','KID',500,2018);

INSERT INTO CATEGORIES(ID, NAME) VALUES ( 7001,'CRIME' );
INSERT INTO CATEGORIES(ID, NAME) VALUES ( 7002,'DRAMA' );
INSERT INTO CATEGORIES(ID, NAME) VALUES ( 7003,'AWARD_WINNING');
INSERT INTO CATEGORIES(ID, NAME) VALUES ( 7004,7004);
INSERT INTO CATEGORIES(ID, NAME) VALUES ( 7005,'ADVENTURE');
INSERT INTO CATEGORIES(ID, NAME) VALUES ( 7006,'ANIMATION');
INSERT INTO CATEGORIES(ID, NAME) VALUES ( 7007,'COMEDY');
INSERT INTO CATEGORIES(ID, NAME) VALUES ( 7008,'THRILLER');
INSERT INTO CATEGORIES(ID, NAME) VALUES ( 7009,'BIOGRAPHY');
INSERT INTO CATEGORIES(ID, NAME) VALUES ( 7010,'ACTION');
INSERT INTO CATEGORIES(ID, NAME) VALUES ( 7011,'WAR');
INSERT INTO CATEGORIES(ID, NAME) VALUES ( 7012,'HISTORY');


INSERT INTO MOVIES(ID,TITLE, DESCRIPTION, CATEGORY_ID, MATURITY_RATING, NUMBER_OF_VIEWS, RATING, RELEASE_YEAR, DURATION, HAS_SEQUEL) VALUES ( 4001,'The Godfather', 'The aging patriarch of an organized crime dynasty in postwar New York City transfers control of his clandestine empire to his reluctant youngest son.',(7001,7003),'R_13',1000000,100,1972,175,true);
INSERT INTO MOVIES(ID,TITLE, DESCRIPTION, CATEGORY_ID, MATURITY_RATING, NUMBER_OF_VIEWS, RATING, RELEASE_YEAR, DURATION, HAS_SEQUEL) VALUES ( 4002,'The Dark Knight','When the menace known as the Joker wreaks havoc and chaos on the people of Gotham, Batman must accept one of the greatest psychological and physical tests of his ability to fight injustice.',(7001,7002,7010),'R_13',600000,96,2008,130,false);
INSERT INTO MOVIES(ID,TITLE, DESCRIPTION, CATEGORY_ID, MATURITY_RATING, NUMBER_OF_VIEWS, RATING, RELEASE_YEAR, DURATION, HAS_SEQUEL) VALUES ( 4003,'Se7en','Two detectives, a rookie and a veteran, hunt a serial killer who uses the seven deadly sins as his motives.',(7001,7002,7003),'R_18',800000,96,1995,127,false);
INSERT INTO MOVIES(ID,TITLE, DESCRIPTION, CATEGORY_ID, MATURITY_RATING, NUMBER_OF_VIEWS, RATING, RELEASE_YEAR, DURATION, HAS_SEQUEL) VALUES ( 4004,'The Lord of the Rings: The Fellowship of the Ring','A meek Hobbit from the Shire and eight companions set out on a journey to destroy the powerful One Ring and save Middle-earth from the Dark Lord Sauron',(7004,7005),'R_13',25000000,100,2001,178,true);
INSERT INTO MOVIES(ID,TITLE, DESCRIPTION, CATEGORY_ID, MATURITY_RATING, NUMBER_OF_VIEWS, RATING, RELEASE_YEAR, DURATION, HAS_SEQUEL) VALUES ( 4005,'The Wolf of Wall Street','Based on the true story of Jordan Belfort, from his rise to a wealthy stock-broker living the high life to his fall involving crime, corruption and the federal government.',(7007,7002,7009),'R_16',1500000,82,2013,180,false);
INSERT INTO MOVIES(ID,TITLE, DESCRIPTION, CATEGORY_ID, MATURITY_RATING, NUMBER_OF_VIEWS, RATING, RELEASE_YEAR, DURATION, HAS_SEQUEL) VALUES ( 4006,'Fight Club','An insomniac office worker and a devil-may-care soap maker form an underground fight club that evolves into much more',(7002,7008),'R_16',350000,79,1999,139,false);
INSERT INTO MOVIES(ID,TITLE, DESCRIPTION, CATEGORY_ID, MATURITY_RATING, NUMBER_OF_VIEWS, RATING, RELEASE_YEAR, DURATION, HAS_SEQUEL) VALUES ( 4007,'Harry Potter and the Philosopher''s Stone','it followed the adventures of the unlikely hero Harry Potter, a lonely orphan who discovers that he is actually a wizard and enrolls in the Hogwarts School of Witchcraft and Wizardry',(7004,7005),'R_7',5000000,92,2001,152,true);
INSERT INTO MOVIES(ID,TITLE, DESCRIPTION, CATEGORY_ID, MATURITY_RATING, NUMBER_OF_VIEWS, RATING, RELEASE_YEAR, DURATION, HAS_SEQUEL) VALUES ( 4008,'Fury','A grizzled tank commander makes tough decisions as he and his crew fight their way across Germany in April, 1945.',(7011,7012,7002),'R_16',270000,76,2014,134,false);
INSERT INTO MOVIES(ID,TITLE, DESCRIPTION, CATEGORY_ID, MATURITY_RATING, NUMBER_OF_VIEWS, RATING, RELEASE_YEAR, DURATION, HAS_SEQUEL) VALUES ( 4009,'Borat','Outrageous situations occur when Borat, a popular reporter (Sacha Baron Cohen) from Kazakhstan, comes to the United States to film a documentary on what makes America a great nation.',(7006),'R_16',1500000,73,2007,84,false);
INSERT INTO MOVIES(ID,TITLE, DESCRIPTION, CATEGORY_ID, MATURITY_RATING, NUMBER_OF_VIEWS, RATING, RELEASE_YEAR, DURATION, HAS_SEQUEL) VALUES ( 4014,'Knives Out', 'When renowned crime novelist Harlan Thrombey (Christopher Plummer) is found dead at his estate just after his 85th birthday, the inquisitive and debonair Detective Benoit Blanc (Daniel Craig) is mysteriously enlisted to investigate. From Harlan  disfunctional family to his devoted staff, Blanc sifts through a web of red herrings and self-serving lies to uncover the truth behind Harlans untimely death.',(7001,7006,7002),'R_13',145582,79,2019,130,true);
INSERT INTO MOVIES(ID,TITLE, DESCRIPTION, CATEGORY_ID, MATURITY_RATING, NUMBER_OF_VIEWS, RATING, RELEASE_YEAR, DURATION, HAS_SEQUEL) VALUES ( 4015,'knives out glass onion','World-famous detective Benoit Blanc heads to Greece to peel back the layers of a mystery surrounding a tech billionaire and his eclectic crew of friends.',(7001,7006,7002),'R_13',104700,84,2022,149,true);
INSERT INTO MOVIES(ID,TITLE, DESCRIPTION, CATEGORY_ID, MATURITY_RATING, NUMBER_OF_VIEWS, RATING, RELEASE_YEAR, DURATION, HAS_SEQUEL) VALUES ( 4016,'MOANA','In Ancient Polynesia, when a terrible curse incurred by the Demigod Maui reaches Moanas island, she answers the Oceans call to seek out the Demigod to set things right.',(7006,7006,7005),'R_7',144700,84,2016,107,false);
INSERT INTO MOVIES(ID,TITLE, DESCRIPTION, CATEGORY_ID, MATURITY_RATING, NUMBER_OF_VIEWS, RATING, RELEASE_YEAR, DURATION, HAS_SEQUEL) VALUES ( 4017,'Finding Dory','Friendly but forgetful blue tang Dory begins a search for her long-lost parents and everyone learns a few things about the real meaning of family along the way.',(7006,7006,7005),'R_7',244700,84,2016,97,false);
INSERT INTO MOVIES(ID,TITLE, DESCRIPTION, CATEGORY_ID, MATURITY_RATING, NUMBER_OF_VIEWS, RATING, RELEASE_YEAR, DURATION, HAS_SEQUEL) VALUES ( 4018,'Zootopia','In a city of anthropomorphic animals, a rookie bunny cop and a cynical con artist fox must work together to uncover a conspiracy.',(7006,7006,7005),'R_7',214700,80,2016,108,false);
INSERT INTO MOVIES(ID,TITLE, DESCRIPTION, CATEGORY_ID, MATURITY_RATING, NUMBER_OF_VIEWS, RATING, RELEASE_YEAR, DURATION, HAS_SEQUEL) VALUES ( 4019,'Walk the Line','A chronicle of country music legend Johnny Cashs life, from his early days on an Arkansas cotton farm to his rise to fame with Sun Records in Memphis, where he recorded alongside.',(7002),'R_13',124700,78,2005,136,false);
/*
INSERT INTO TV_SHOWS(ID,TITLE, DESCRIPTION, CATEGORY_ID, MATURITY_RATING, NUMBER_OF_VIEWS, RATING, RELEASE_YEAR)  VALUES ( 4010,'Breaking Bad','A chemistry teacher diagnosed with inoperable lung cancer turns to manufacturing and selling methamphetamine with a former student in order to secure his family''s future.',(7001,7002,7008),'R_16',1000,93,2008 );
INSERT INTO TV_SHOWS(ID,TITLE, DESCRIPTION, CATEGORY_ID, MATURITY_RATING, NUMBER_OF_VIEWS, RATING, RELEASE_YEAR)  VALUES ( 4011,'Chernobyl','In April 1986, an explosion at the Chernobyl nuclear power plant in the Union of Soviet Socialist Republics becomes one of the world''s worst man-made catastrophes.',(7001,7008),'R_16',100,80,2019 );
INSERT INTO TV_SHOWS(ID,TITLE, DESCRIPTION, CATEGORY_ID, MATURITY_RATING, NUMBER_OF_VIEWS, RATING, RELEASE_YEAR)  VALUES ( 4012, 'Modern Family','Three different but related families face trials and tribulations in their own uniquely comedic ways.', (7006),'R_7',780,95,2009);
INSERT INTO TV_SHOWS(ID,TITLE, DESCRIPTION, CATEGORY_ID, MATURITY_RATING, NUMBER_OF_VIEWS, RATING, RELEASE_YEAR)  VALUES ( 4013, 'Game of Thrones','Nine noble families fight for control over the lands of Westeros, while an ancient enemy returns after being dormant for millennia',(7005,7002,7004),'R_16',3200,97,2011);


INSERT INTO SEASONS(ID, DESCRIPTION, NAME, TVSHOW_ID) VALUES ( 5001,'Season 1 of Breaking Bad','SEASON 1',4010 );
INSERT INTO SEASONS(ID, DESCRIPTION, NAME, TVSHOW_ID) VALUES ( 5002,'Season 2 of Breaking Bad','SEASON 2',4010 );
INSERT INTO SEASONS(ID, DESCRIPTION, NAME, TVSHOW_ID) VALUES ( 5003,'Season 3 of Breaking Bad','SEASON 3',4010 );
INSERT INTO SEASONS(ID, DESCRIPTION, NAME, TVSHOW_ID) VALUES ( 5004,'The one and only Season of Chernobyl','SEASON 1',4011 );
INSERT INTO SEASONS(ID, DESCRIPTION, NAME, TVSHOW_ID) VALUES ( 5005,'Season 1 of Modern Family','SEASON 1',4012);
INSERT INTO SEASONS(ID, DESCRIPTION, NAME, TVSHOW_ID) VALUES ( 5006,'Season 2 of Modern Family','SEASON 2',4012);
INSERT INTO SEASONS(ID, DESCRIPTION, NAME, TVSHOW_ID) VALUES ( 5007,'Season 3 of Modern Family','SEASON 3',4012);
INSERT INTO SEASONS(ID, DESCRIPTION, NAME, TVSHOW_ID) VALUES ( 5008,'Season 4 of Modern Family','SEASON 4',4012);
INSERT INTO SEASONS(ID, DESCRIPTION, NAME, TVSHOW_ID) VALUES ( 5009,'Season 5 of Modern Family','SEASON 5',4012);
INSERT INTO SEASONS(ID, DESCRIPTION, NAME, TVSHOW_ID) VALUES ( 5010,'Season 6 of Modern Family','SEASON 6',4012);
INSERT INTO SEASONS(ID, DESCRIPTION, NAME, TVSHOW_ID) VALUES ( 5011,'Season 7 of Modern Family','SEASON 7',4012);
INSERT INTO SEASONS(ID, DESCRIPTION, NAME, TVSHOW_ID) VALUES ( 5012,'Season 8 of Modern Family','SEASON 8',4012);
INSERT INTO SEASONS(ID, DESCRIPTION, NAME, TVSHOW_ID) VALUES ( 5013,'Season 9 of Modern Family','SEASON 9',4012);
INSERT INTO SEASONS(ID, DESCRIPTION, NAME, TVSHOW_ID) VALUES ( 5014,'Season 10 of Modern Family','SEASON 10',4012);
INSERT INTO SEASONS(ID, DESCRIPTION, NAME, TVSHOW_ID) VALUES ( 5015,'Season 11 of Modern Family','SEASON 11',4012);
INSERT INTO SEASONS(ID, DESCRIPTION, NAME, TVSHOW_ID) VALUES ( 5016,'Season 1 of Game of Thrones','SEASON 1',4013 );
INSERT INTO SEASONS(ID, DESCRIPTION, NAME, TVSHOW_ID) VALUES ( 5017,'Season 2 of Game of Thrones','SEASON 2',4013 );
INSERT INTO SEASONS(ID, DESCRIPTION, NAME, TVSHOW_ID) VALUES ( 5018,'Season 3 of Game of Thrones','SEASON 3',4013 );
INSERT INTO SEASONS(ID, DESCRIPTION, NAME, TVSHOW_ID) VALUES ( 5019,'Season 4 of Game of Thrones','SEASON 4',4013 );
INSERT INTO SEASONS(ID, DESCRIPTION, NAME, TVSHOW_ID) VALUES ( 5019,'Season 5 of Game of Thrones','SEASON 5',4013 );
INSERT INTO SEASONS(ID, DESCRIPTION, NAME, TVSHOW_ID) VALUES ( 5019,'Season 6 of Game of Thrones','SEASON 6',4013 );
INSERT INTO SEASONS(ID, DESCRIPTION, NAME, TVSHOW_ID) VALUES ( 5019,'Season 7 of Game of Thrones','SEASON 7',4013 );
INSERT INTO SEASONS(ID, DESCRIPTION, NAME, TVSHOW_ID) VALUES ( 5019,'Season 8 of Game of Thrones','SEASON 8',4013 );




INSERT INTO EPISODES(ID, DESCRIPTION, DURATION, TITLE, SEASON_ID) VALUES (6001,'Plot of episode 1 of Season 1',30,'S1E1',5001);
INSERT INTO EPISODES(ID, DESCRIPTION, DURATION, TITLE, SEASON_ID) VALUES (6002,'Plot of episode 2 of Season 1',30,'S1E2',5001);
INSERT INTO EPISODES(ID, DESCRIPTION, DURATION, TITLE, SEASON_ID) VALUES (6003,'Plot of episode 3 of Season 2',30,'S2E3',5002);
INSERT INTO EPISODES(ID, DESCRIPTION, DURATION, TITLE, SEASON_ID) VALUES (6004,'Plot of episode 9 of Season 2',30,'S2E9',5002);
INSERT INTO EPISODES(ID, DESCRIPTION, DURATION, TITLE, SEASON_ID) VALUES (6005,'Plot of episode 7 of Season 3',30,'S3E7',5003);
INSERT INTO EPISODES(ID, DESCRIPTION, DURATION, TITLE, SEASON_ID) VALUES (6006,'Plot of episode 7 of Season 3',30,'S3E7',5003);
INSERT INTO EPISODES(ID, DESCRIPTION, DURATION, TITLE, SEASON_ID) VALUES (6007,'Plot of episode 8 of Season 3',30,'S3E8',5003);
INSERT INTO EPISODES(ID, DESCRIPTION, DURATION, TITLE, SEASON_ID) VALUES (6008,'Plot of episode 1 of Season 1',30,'S1E1',5004);
INSERT INTO EPISODES(ID, DESCRIPTION, DURATION, TITLE, SEASON_ID) VALUES (6009,'Plot of episode 6 of Season 1',30,'S1E6',5004);
INSERT INTO EPISODES(ID, DESCRIPTION, DURATION, TITLE, SEASON_ID) VALUES (6010,'Plot of episode 1 of Season 1',30,'S1E1',5005);
INSERT INTO EPISODES(ID, DESCRIPTION, DURATION, TITLE, SEASON_ID) VALUES (6011,'Plot of episode 2 of Season 1',30,'S1E2',5005);
INSERT INTO EPISODES(ID, DESCRIPTION, DURATION, TITLE, SEASON_ID) VALUES (6012,'Plot of episode 3 of Season 2',30,'S2E3',5005);
INSERT INTO EPISODES(ID, DESCRIPTION, DURATION, TITLE, SEASON_ID) VALUES (6013,'Plot of episode 9 of Season 2',30,'S2E9',5006);
INSERT INTO EPISODES(ID, DESCRIPTION, DURATION, TITLE, SEASON_ID) VALUES (6014,'Plot of episode 7 of Season 3',30,'S3E7',5006);
INSERT INTO EPISODES(ID, DESCRIPTION, DURATION, TITLE, SEASON_ID) VALUES (6015,'Plot of episode 7 of Season 3',30,'S3E7',5006);
INSERT INTO EPISODES(ID, DESCRIPTION, DURATION, TITLE, SEASON_ID) VALUES (6016,'Plot of episode 8 of Season 3',30,'S3E8',5006);
INSERT INTO EPISODES(ID, DESCRIPTION, DURATION, TITLE, SEASON_ID) VALUES (6017,'Plot of episode 1 of Season 1',30,'S1E1',5007);
INSERT INTO EPISODES(ID, DESCRIPTION, DURATION, TITLE, SEASON_ID) VALUES (6018,'Plot of episode 6 of Season 1',30,'S1E6',5007);
INSERT INTO EPISODES(ID, DESCRIPTION, DURATION, TITLE, SEASON_ID) VALUES (6019,'Plot of episode 1 of Season 1',30,'S1E1',5007);
INSERT INTO EPISODES(ID, DESCRIPTION, DURATION, TITLE, SEASON_ID) VALUES (6020,'Plot of episode 2 of Season 1',30,'S1E2',5007);
INSERT INTO EPISODES(ID, DESCRIPTION, DURATION, TITLE, SEASON_ID) VALUES (6021,'Plot of episode 3 of Season 2',30,'S2E3',5008);
INSERT INTO EPISODES(ID, DESCRIPTION, DURATION, TITLE, SEASON_ID) VALUES (6022,'Plot of episode 9 of Season 2',30,'S2E9',5008);
INSERT INTO EPISODES(ID, DESCRIPTION, DURATION, TITLE, SEASON_ID) VALUES (6023,'Plot of episode 7 of Season 3',30,'S3E7',5009);
INSERT INTO EPISODES(ID, DESCRIPTION, DURATION, TITLE, SEASON_ID) VALUES (6024,'Plot of episode 7 of Season 3',30,'S3E7',5010);
INSERT INTO EPISODES(ID, DESCRIPTION, DURATION, TITLE, SEASON_ID) VALUES (6025,'Plot of episode 8 of Season 3',30,'S3E8',5011);
INSERT INTO EPISODES(ID, DESCRIPTION, DURATION, TITLE, SEASON_ID) VALUES (6026,'Plot of episode 1 of Season 1',30,'S1E1',5012);
INSERT INTO EPISODES(ID, DESCRIPTION, DURATION, TITLE, SEASON_ID) VALUES (6027,'Plot of episode 6 of Season 1',30,'S1E6',5013);
INSERT INTO EPISODES(ID, DESCRIPTION, DURATION, TITLE, SEASON_ID) VALUES (6020,'Plot of episode 2 of Season 1',30,'S1E2',5014);
INSERT INTO EPISODES(ID, DESCRIPTION, DURATION, TITLE, SEASON_ID) VALUES (6029,'Plot of episode 3 of Season 2',30,'S2E3',5015);
INSERT INTO EPISODES(ID, DESCRIPTION, DURATION, TITLE, SEASON_ID) VALUES (6030,'Plot of episode 9 of Season 2',30,'S2E9',5016);
INSERT INTO EPISODES(ID, DESCRIPTION, DURATION, TITLE, SEASON_ID) VALUES (6031,'Plot of episode 7 of Season 3',30,'S3E7',5017);
INSERT INTO EPISODES(ID, DESCRIPTION, DURATION, TITLE, SEASON_ID) VALUES (6032,'Plot of episode 7 of Season 3',30,'S3E7',5018);
INSERT INTO EPISODES(ID, DESCRIPTION, DURATION, TITLE, SEASON_ID) VALUES (6033,'Plot of episode 8 of Season 3',30,'S3E8',5019);
INSERT INTO EPISODES(ID, DESCRIPTION, DURATION, TITLE, SEASON_ID) VALUES (6034,'Plot of episode 1 of Season 1',30,'S1E1',5019);
INSERT INTO EPISODES(ID, DESCRIPTION, DURATION, TITLE, SEASON_ID) VALUES (6035,'Plot of episode 6 of Season 1',30,'S1E6',5019);*/

INSERT INTO CONTENT_ITEM_PERSONS(CONTENT_ITEM_ID, PERSON_ID) VALUES (4001,1002);
INSERT INTO CONTENT_ITEM_PERSONS(CONTENT_ITEM_ID, PERSON_ID) VALUES (4001,1003);
INSERT INTO CONTENT_ITEM_PERSONS(CONTENT_ITEM_ID, PERSON_ID) VALUES (4002,1001);
INSERT INTO CONTENT_ITEM_PERSONS(CONTENT_ITEM_ID, PERSON_ID) VALUES (4002,1004);
INSERT INTO CONTENT_ITEM_PERSONS(CONTENT_ITEM_ID, PERSON_ID) VALUES (4003,1007);
INSERT INTO CONTENT_ITEM_PERSONS(CONTENT_ITEM_ID, PERSON_ID) VALUES (4003,1008);
INSERT INTO CONTENT_ITEM_PERSONS(CONTENT_ITEM_ID, PERSON_ID) VALUES (4011,1005);
INSERT INTO CONTENT_ITEM_PERSONS(CONTENT_ITEM_ID, PERSON_ID) VALUES (4011,1006);
INSERT INTO CONTENT_ITEM_PERSONS(CONTENT_ITEM_ID, PERSON_ID) VALUES (4005,1012);
INSERT INTO CONTENT_ITEM_PERSONS(CONTENT_ITEM_ID, PERSON_ID) VALUES (4008,1016);
INSERT INTO CONTENT_ITEM_PERSONS(CONTENT_ITEM_ID, PERSON_ID) VALUES (4007,1017);
INSERT INTO CONTENT_ITEM_PERSONS(CONTENT_ITEM_ID, PERSON_ID) VALUES (4007,1019);
INSERT INTO CONTENT_ITEM_PERSONS(CONTENT_ITEM_ID, PERSON_ID) VALUES (4004,1020);
INSERT INTO CONTENT_ITEM_PERSONS(CONTENT_ITEM_ID, PERSON_ID) VALUES (4004,1021);
INSERT INTO CONTENT_ITEM_PERSONS(CONTENT_ITEM_ID, PERSON_ID) VALUES (4009,1022);
INSERT INTO CONTENT_ITEM_PERSONS(CONTENT_ITEM_ID, PERSON_ID) VALUES (4005,1023);
INSERT INTO CONTENT_ITEM_PERSONS(CONTENT_ITEM_ID, PERSON_ID) VALUES (4014,1025);
INSERT INTO CONTENT_ITEM_PERSONS(CONTENT_ITEM_ID, PERSON_ID) VALUES (4014,1026);
INSERT INTO CONTENT_ITEM_PERSONS(CONTENT_ITEM_ID, PERSON_ID) VALUES (4014,1027);
INSERT INTO CONTENT_ITEM_PERSONS(CONTENT_ITEM_ID, PERSON_ID) VALUES (4014,1028);
INSERT INTO CONTENT_ITEM_PERSONS(CONTENT_ITEM_ID, PERSON_ID) VALUES (4015,1028);
INSERT INTO CONTENT_ITEM_PERSONS(CONTENT_ITEM_ID, PERSON_ID) VALUES (4015,1029);
INSERT INTO CONTENT_ITEM_PERSONS(CONTENT_ITEM_ID, PERSON_ID) VALUES (4015,1030);
INSERT INTO CONTENT_ITEM_PERSONS(CONTENT_ITEM_ID, PERSON_ID) VALUES (4015,1031);
INSERT INTO CONTENT_ITEM_PERSONS(CONTENT_ITEM_ID, PERSON_ID) VALUES (4016,1032);
INSERT INTO CONTENT_ITEM_PERSONS(CONTENT_ITEM_ID, PERSON_ID) VALUES (4016,1033);
INSERT INTO CONTENT_ITEM_PERSONS(CONTENT_ITEM_ID, PERSON_ID) VALUES (4016,1034);
INSERT INTO CONTENT_ITEM_PERSONS(CONTENT_ITEM_ID, PERSON_ID) VALUES (4016,1035);
INSERT INTO CONTENT_ITEM_PERSONS(CONTENT_ITEM_ID, PERSON_ID) VALUES (4016,1036);
INSERT INTO CONTENT_ITEM_PERSONS(CONTENT_ITEM_ID, PERSON_ID) VALUES (4016,1037);
INSERT INTO CONTENT_ITEM_PERSONS(CONTENT_ITEM_ID, PERSON_ID) VALUES (4016,1038);
INSERT INTO CONTENT_ITEM_PERSONS(CONTENT_ITEM_ID, PERSON_ID) VALUES (4017,1039);
INSERT INTO CONTENT_ITEM_PERSONS(CONTENT_ITEM_ID, PERSON_ID) VALUES (4017,1040);
INSERT INTO CONTENT_ITEM_PERSONS(CONTENT_ITEM_ID, PERSON_ID) VALUES (4017,1041);
INSERT INTO CONTENT_ITEM_PERSONS(CONTENT_ITEM_ID, PERSON_ID) VALUES (4017,1042);
INSERT INTO CONTENT_ITEM_PERSONS(CONTENT_ITEM_ID, PERSON_ID) VALUES (4017,1043);
INSERT INTO CONTENT_ITEM_PERSONS(CONTENT_ITEM_ID, PERSON_ID) VALUES (4018,1044);
INSERT INTO CONTENT_ITEM_PERSONS(CONTENT_ITEM_ID, PERSON_ID) VALUES (4018,1045);
INSERT INTO CONTENT_ITEM_PERSONS(CONTENT_ITEM_ID, PERSON_ID) VALUES (4018,1046);
INSERT INTO CONTENT_ITEM_PERSONS(CONTENT_ITEM_ID, PERSON_ID) VALUES (4018,1047);
INSERT INTO CONTENT_ITEM_PERSONS(CONTENT_ITEM_ID, PERSON_ID) VALUES (4018,1048);
INSERT INTO CONTENT_ITEM_PERSONS(CONTENT_ITEM_ID, PERSON_ID) VALUES (4019,1044);
INSERT INTO CONTENT_ITEM_PERSONS(CONTENT_ITEM_ID, PERSON_ID) VALUES (4019,1049);
INSERT INTO CONTENT_ITEM_PERSONS(CONTENT_ITEM_ID, PERSON_ID) VALUES (4019,1050);
INSERT INTO CONTENT_ITEM_PERSONS(CONTENT_ITEM_ID, PERSON_ID) VALUES (4019,1051);
INSERT INTO CONTENT_ITEM_PERSONS(CONTENT_ITEM_ID, PERSON_ID) VALUES (4019,1052);


INSERT INTO PROFILE_CONTENT_ITEMS(CONTENT_ITEM_ID, PROFILE_ID) VALUES ( 4001,3001 );
INSERT INTO PROFILE_CONTENT_ITEMS(CONTENT_ITEM_ID, PROFILE_ID) VALUES ( 4001,3002 );
INSERT INTO PROFILE_CONTENT_ITEMS(CONTENT_ITEM_ID, PROFILE_ID) VALUES ( 4001,3003 );
INSERT INTO PROFILE_CONTENT_ITEMS(CONTENT_ITEM_ID, PROFILE_ID) VALUES ( 4002,3003 );
INSERT INTO PROFILE_CONTENT_ITEMS(CONTENT_ITEM_ID, PROFILE_ID) VALUES ( 4001,3004 );
INSERT INTO PROFILE_CONTENT_ITEMS(CONTENT_ITEM_ID, PROFILE_ID) VALUES ( 4003,3003 );
INSERT INTO PROFILE_CONTENT_ITEMS(CONTENT_ITEM_ID, PROFILE_ID) VALUES ( 4003,3004 );
INSERT INTO PROFILE_CONTENT_ITEMS(CONTENT_ITEM_ID, PROFILE_ID) VALUES ( 4004,3002 );
INSERT INTO PROFILE_CONTENT_ITEMS(CONTENT_ITEM_ID, PROFILE_ID) VALUES ( 4005,3015 );
INSERT INTO PROFILE_CONTENT_ITEMS(CONTENT_ITEM_ID, PROFILE_ID) VALUES ( 4006,3014 );
INSERT INTO PROFILE_CONTENT_ITEMS(CONTENT_ITEM_ID, PROFILE_ID) VALUES ( 4007,3012 );
INSERT INTO PROFILE_CONTENT_ITEMS(CONTENT_ITEM_ID, PROFILE_ID) VALUES ( 4008,3009 );
INSERT INTO PROFILE_CONTENT_ITEMS(CONTENT_ITEM_ID, PROFILE_ID) VALUES ( 4009,3009 );
INSERT INTO PROFILE_CONTENT_ITEMS(CONTENT_ITEM_ID, PROFILE_ID) VALUES ( 4010,3010 );
INSERT INTO PROFILE_CONTENT_ITEMS(CONTENT_ITEM_ID, PROFILE_ID) VALUES ( 4011,3011 );
INSERT INTO PROFILE_CONTENT_ITEMS(CONTENT_ITEM_ID, PROFILE_ID) VALUES ( 4012,3012 );
INSERT INTO PROFILE_CONTENT_ITEMS(CONTENT_ITEM_ID, PROFILE_ID) VALUES ( 4012,3013 );
INSERT INTO PROFILE_CONTENT_ITEMS(CONTENT_ITEM_ID, PROFILE_ID) VALUES ( 4012,3014 );
INSERT INTO PROFILE_CONTENT_ITEMS(CONTENT_ITEM_ID, PROFILE_ID) VALUES ( 4012,3015 );
INSERT INTO PROFILE_CONTENT_ITEMS(CONTENT_ITEM_ID, PROFILE_ID) VALUES ( 4012,3016 );
INSERT INTO PROFILE_CONTENT_ITEMS(CONTENT_ITEM_ID, PROFILE_ID) VALUES ( 4013,3017 );
INSERT INTO PROFILE_CONTENT_ITEMS(CONTENT_ITEM_ID, PROFILE_ID) VALUES ( 4013,3018 );
INSERT INTO PROFILE_CONTENT_ITEMS(CONTENT_ITEM_ID, PROFILE_ID) VALUES ( 4013,3019 );
INSERT INTO PROFILE_CONTENT_ITEMS(CONTENT_ITEM_ID, PROFILE_ID) VALUES ( 4013,3020 );
INSERT INTO PROFILE_CONTENT_ITEMS(CONTENT_ITEM_ID, PROFILE_ID) VALUES ( 4014,3002 );
INSERT INTO PROFILE_CONTENT_ITEMS(CONTENT_ITEM_ID, PROFILE_ID) VALUES ( 4014,3012 );
INSERT INTO PROFILE_CONTENT_ITEMS(CONTENT_ITEM_ID, PROFILE_ID) VALUES ( 4014,3014 );
INSERT INTO PROFILE_CONTENT_ITEMS(CONTENT_ITEM_ID, PROFILE_ID) VALUES ( 4014,3026 );
INSERT INTO PROFILE_CONTENT_ITEMS(CONTENT_ITEM_ID, PROFILE_ID) VALUES ( 4014,3024 );
INSERT INTO PROFILE_CONTENT_ITEMS(CONTENT_ITEM_ID, PROFILE_ID) VALUES ( 4014,3021 );
INSERT INTO PROFILE_CONTENT_ITEMS(CONTENT_ITEM_ID, PROFILE_ID) VALUES ( 4014,3022 );
INSERT INTO PROFILE_CONTENT_ITEMS(CONTENT_ITEM_ID, PROFILE_ID) VALUES ( 4014,3025 );
INSERT INTO PROFILE_CONTENT_ITEMS(CONTENT_ITEM_ID, PROFILE_ID) VALUES ( 4014,3010 );
INSERT INTO PROFILE_CONTENT_ITEMS(CONTENT_ITEM_ID, PROFILE_ID) VALUES ( 4015,3002 );
INSERT INTO PROFILE_CONTENT_ITEMS(CONTENT_ITEM_ID, PROFILE_ID) VALUES ( 4015,3012 );
INSERT INTO PROFILE_CONTENT_ITEMS(CONTENT_ITEM_ID, PROFILE_ID) VALUES ( 4015,3014 );
INSERT INTO PROFILE_CONTENT_ITEMS(CONTENT_ITEM_ID, PROFILE_ID) VALUES ( 4015,3026 );
INSERT INTO PROFILE_CONTENT_ITEMS(CONTENT_ITEM_ID, PROFILE_ID) VALUES ( 4015,3024 );
INSERT INTO PROFILE_CONTENT_ITEMS(CONTENT_ITEM_ID, PROFILE_ID) VALUES ( 4015,3021 );
INSERT INTO PROFILE_CONTENT_ITEMS(CONTENT_ITEM_ID, PROFILE_ID) VALUES ( 4015,3022 );
INSERT INTO PROFILE_CONTENT_ITEMS(CONTENT_ITEM_ID, PROFILE_ID) VALUES ( 4015,3025 );
INSERT INTO PROFILE_CONTENT_ITEMS(CONTENT_ITEM_ID, PROFILE_ID) VALUES ( 4015,3010 );


INSERT INTO PROFILE_CONTENT_ITEMS(CONTENT_ITEM_ID, PROFILE_ID) VALUES ( 4016,3003 );
INSERT INTO PROFILE_CONTENT_ITEMS(CONTENT_ITEM_ID, PROFILE_ID) VALUES ( 4016,3007 );
INSERT INTO PROFILE_CONTENT_ITEMS(CONTENT_ITEM_ID, PROFILE_ID) VALUES ( 4016,3011 );
INSERT INTO PROFILE_CONTENT_ITEMS(CONTENT_ITEM_ID, PROFILE_ID) VALUES ( 4016,3013 );
INSERT INTO PROFILE_CONTENT_ITEMS(CONTENT_ITEM_ID, PROFILE_ID) VALUES ( 4016,3014 );
INSERT INTO PROFILE_CONTENT_ITEMS(CONTENT_ITEM_ID, PROFILE_ID) VALUES ( 4016,3015 );
INSERT INTO PROFILE_CONTENT_ITEMS(CONTENT_ITEM_ID, PROFILE_ID) VALUES ( 4016,3019 );
INSERT INTO PROFILE_CONTENT_ITEMS(CONTENT_ITEM_ID, PROFILE_ID) VALUES ( 4016,3023 );
INSERT INTO PROFILE_CONTENT_ITEMS(CONTENT_ITEM_ID, PROFILE_ID) VALUES ( 4016,3027 );

INSERT INTO PROFILE_CONTENT_ITEMS(CONTENT_ITEM_ID, PROFILE_ID) VALUES ( 4017,3003 );
INSERT INTO PROFILE_CONTENT_ITEMS(CONTENT_ITEM_ID, PROFILE_ID) VALUES ( 4017,3007 );
INSERT INTO PROFILE_CONTENT_ITEMS(CONTENT_ITEM_ID, PROFILE_ID) VALUES ( 4017,3011 );
INSERT INTO PROFILE_CONTENT_ITEMS(CONTENT_ITEM_ID, PROFILE_ID) VALUES ( 4017,3013 );
INSERT INTO PROFILE_CONTENT_ITEMS(CONTENT_ITEM_ID, PROFILE_ID) VALUES ( 4017,3014 );
INSERT INTO PROFILE_CONTENT_ITEMS(CONTENT_ITEM_ID, PROFILE_ID) VALUES ( 4017,3015 );
INSERT INTO PROFILE_CONTENT_ITEMS(CONTENT_ITEM_ID, PROFILE_ID) VALUES ( 4017,3019 );
INSERT INTO PROFILE_CONTENT_ITEMS(CONTENT_ITEM_ID, PROFILE_ID) VALUES ( 4017,3023 );
INSERT INTO PROFILE_CONTENT_ITEMS(CONTENT_ITEM_ID, PROFILE_ID) VALUES ( 4017,3027 );
INSERT INTO PROFILE_CONTENT_ITEMS(CONTENT_ITEM_ID, PROFILE_ID) VALUES ( 4018,3003 );
INSERT INTO PROFILE_CONTENT_ITEMS(CONTENT_ITEM_ID, PROFILE_ID) VALUES ( 4018,3005 );
INSERT INTO PROFILE_CONTENT_ITEMS(CONTENT_ITEM_ID, PROFILE_ID) VALUES ( 4018,3011 );
INSERT INTO PROFILE_CONTENT_ITEMS(CONTENT_ITEM_ID, PROFILE_ID) VALUES ( 4018,3013 );
INSERT INTO PROFILE_CONTENT_ITEMS(CONTENT_ITEM_ID, PROFILE_ID) VALUES ( 4018,3014 );
INSERT INTO PROFILE_CONTENT_ITEMS(CONTENT_ITEM_ID, PROFILE_ID) VALUES ( 4018,3015 );
INSERT INTO PROFILE_CONTENT_ITEMS(CONTENT_ITEM_ID, PROFILE_ID) VALUES ( 4018,3019 );
INSERT INTO PROFILE_CONTENT_ITEMS(CONTENT_ITEM_ID, PROFILE_ID) VALUES ( 4018,3023 );
INSERT INTO PROFILE_CONTENT_ITEMS(CONTENT_ITEM_ID, PROFILE_ID) VALUES ( 4018,3027 );
INSERT INTO PROFILE_CONTENT_ITEMS(CONTENT_ITEM_ID, PROFILE_ID) VALUES ( 4019,3008 );
INSERT INTO PROFILE_CONTENT_ITEMS(CONTENT_ITEM_ID, PROFILE_ID) VALUES ( 4019,3010 );
INSERT INTO PROFILE_CONTENT_ITEMS(CONTENT_ITEM_ID, PROFILE_ID) VALUES ( 4019,3014 );
INSERT INTO PROFILE_CONTENT_ITEMS(CONTENT_ITEM_ID, PROFILE_ID) VALUES ( 4019,3026 );
INSERT INTO PROFILE_CONTENT_ITEMS(CONTENT_ITEM_ID, PROFILE_ID) VALUES ( 4019,3024 );
INSERT INTO PROFILE_CONTENT_ITEMS(CONTENT_ITEM_ID, PROFILE_ID) VALUES ( 4019,3021 );
INSERT INTO PROFILE_CONTENT_ITEMS(CONTENT_ITEM_ID, PROFILE_ID) VALUES ( 4019,3022 );
INSERT INTO PROFILE_CONTENT_ITEMS(CONTENT_ITEM_ID, PROFILE_ID) VALUES ( 4019,3025 );
INSERT INTO PROFILE_CONTENT_ITEMS(CONTENT_ITEM_ID, PROFILE_ID) VALUES ( 4019,3016 );



SELECT * FROM PROFILE_CONTENT_ITEMS